amendment_id,date,codebook_or_protocol_path,original_wording,observed_problem,source_example,revised_wording,rationale,effect_on_prior_coding,recoding_required,provisional_until_p5,resolution_status,triggered_by_pilot_unit,status,inference_flag,benchmark_flag,protocol_flag,pilot_phase
PA-CB-001,2026-07-31,docs/codebook/codebook_v0.1.yaml,"Generic 'consider individual needs' → too generic; memo.","Coders disagree whether SEND 'inclusive and accessible' overview language is support_present=1 / rung 2.",PE-OPA-CF16-02,"Clarify: support_present=1 only if a named support/role/device/plan type is specified; generic inclusivity/accessibility exhortations remain support_present=0 and at most rung 1.","Operational clarity; matches existing negative example intent.",Phase A adjudication retained support=0/rung=1,no_for_phase_a,no,operationally_resolved,PE-OPA-CF16-02,adopted_for_phase_a_development,NOT_FOR_SUBSTANTIVE_INFERENCE,NOT_FOR_BENCHMARK_COMPARISON,PROTOCOL_DEVELOPMENT_ONLY,A_operational
PA-CB-002,2026-07-31,docs/codebook/codebook_v0.1.yaml,"rung 4: executability_tested_under_realistic_conditions","Ambiguity whether any plan testing / drills count as rung 4 or only tests of occupant executability (incl. diverse needs).",PE-OPA-CF16-06;PE-OPA-CF03-04;PE-OPA-CF13-02,"PROVISIONAL: rung 4 requires testing of whether prescribed protective actions can be carried out under realistic conditions; mere familiarisation drills without executability focus remain rung 1 unless text ties drills to verifying action performance. AFN-specific discrimination deferred to Phase B.","Prevents automatic inflation of all drill language to rung 4; still provisional vs comparator.",Phase A mixed codes retained with provisional memos,yes_after_p5_rule_freeze,yes,benchmark_dependent,PE-OPA-CF16-06,provisional,NOT_FOR_SUBSTANTIVE_INFERENCE,NOT_FOR_BENCHMARK_COMPARISON,PROTOCOL_DEVELOPMENT_ONLY,A_operational
PA-CB-003,2026-07-31,docs/codebook/codebook_v0.1.yaml,"rung 5: test_findings_used_to_revise_or_adapt_measure","Optional lessons-learned / illustrative case studies may or may not count as rung 5.",PE-OPA-CF16-08;PE-OPA-CF13-05,"PROVISIONAL: rung 5 requires that the framework states or structurally requires that testing/exercise findings are used to revise the measure/plan. Optional 'may' language and non-binding illustrations are memo'd and not finalized without Phase B.","Avoids over-coding optional learning loops.",Phase A provisional rung 5 retained with flags,yes_after_p5,yes,benchmark_dependent,PE-OPA-CF13-05,provisional,NOT_FOR_SUBSTANTIVE_INFERENCE,NOT_FOR_BENCHMARK_COMPARISON,PROTOCOL_DEVELOPMENT_ONLY,A_operational
PA-CB-004,2026-07-31,docs/codebook/codebook_v0.1.yaml,"Named supports (… individualised plans …)","PAI / PEEP mentions during exercises: support vs attention language.",PE-OPA-CF13-03;PE-OPA-CF16-05,"Operational: PEEP/PAI as named plan types → support_present=1 possible; 'attention particulière' alone → 0. Linkage may be unlinked. Final comparator discrimination of function-based vs plan-named supports deferred to Phase B.",,Phase A codes retained,yes_after_p5,yes,benchmark_dependent,PE-OPA-CF13-03,provisional,NOT_FOR_SUBSTANTIVE_INFERENCE,NOT_FOR_BENCHMARK_COMPARISON,PROTOCOL_DEVELOPMENT_ONLY,A_operational
PA-CB-005,2026-07-31,docs/codebook/codebook_v0.1.yaml,"Do not infer silence from vague keep-noise-down","Entailing inhibitory acoustic from LOCKDOWN/HIDE labels without explicit silence.",PE-OPA-CF16-03;PE-OPA-CF03-03,"Operational rule: do not code demand_inhibitory_acoustic=1 from protocol names alone; require explicit silence/stillness language or documented entailment-table trigger. Ambiguous cases → value 0 + ambiguous_memo only if memoing.","Reduces false-positive inhibitory coding.",Phase A retained 0,no_for_phase_a,no,operationally_resolved,PE-OPA-CF03-03,adopted_for_phase_a_development,NOT_FOR_SUBSTANTIVE_INFERENCE,NOT_FOR_BENCHMARK_COMPARISON,PROTOCOL_DEVELOPMENT_ONLY,A_operational
PA-CB-006,2026-07-31,docs/codebook/codebook_v0.1.yaml,"rung 3: executability_explicitly_assessed","SSAT / physical-security assessment tools misreadable as rung 3.",PE-OPA-CF03-06,"Clarify: rung 3 is assessment of protective-action executability (can occupants carry out the action under stated conditions), not general security vulnerability assessment.","Prevents SSAT→rung 3 errors.",Phase A retained rung 1,no_for_phase_a,no,operationally_resolved,PE-OPA-CF03-06,adopted_for_phase_a_development,NOT_FOR_SUBSTANTIVE_INFERENCE,NOT_FOR_BENCHMARK_COMPARISON,PROTOCOL_DEVELOPMENT_ONLY,A_operational
PA-CB-007,2026-07-31,docs/codebook/codebook_v0.1.yaml,n/a,"'en la medida de sus capacidades' (staff capacity) misreadable as functional-diversity support.",PE-OPA-CF15-07,"Staff-capacity participation clauses are not D1 supports unless named accommodations for functional needs are specified.","Disability-respectful coding boundary.",Phase A retained support=0,no_for_phase_a,no,operationally_resolved,PE-OPA-CF15-07,adopted_for_phase_a_development,NOT_FOR_SUBSTANTIVE_INFERENCE,NOT_FOR_BENCHMARK_COMPARISON,PROTOCOL_DEVELOPMENT_ONLY,A_operational
PA-PR-001,2026-07-31,docs/protocol/amendments/PA-2026-07-31-001_two_phase_pilot.md,single complete pilot gate,"P5 blocked complete pilot while P1-P4 available.",P5/CF-02,"Two-phase pilot: Phase A operational (P1-P4); Phase B benchmark calibration (P5).",Access constraint before coding; not outcome-dependent.,n/a,n/a,no,operationally_resolved,n/a,adopted,NOT_FOR_SUBSTANTIVE_INFERENCE,NOT_FOR_BENCHMARK_COMPARISON,PROTOCOL_DEVELOPMENT_ONLY,A_operational
PA-SRC-001,2026-07-31,docs/sources/version_supersession_log.md,CF-15 ready_for_pilot,"Consolidado HTML marks Norma derogada 11 Jul 2023 (RD 524/2023).",PE-OPA-CF15-05,"Hold for freeze: revisit CF-15 supersession/identity before corpus freeze; Phase A may use registered BOE PDF for procedural testing only.",Source stability; not a Phase A coding rule change.,n/a,n/a,no,unresolved_for_freeze,PE-OPA-CF15-05,open,NOT_FOR_SUBSTANTIVE_INFERENCE,NOT_FOR_BENCHMARK_COMPARISON,PROTOCOL_DEVELOPMENT_ONLY,A_operational
